{
    "*": { "TAA": 0.3333333, "TAG": 0.3333333, "TGA": 0.3333334 },
    "A": { "GCA": 0.25, "GCC": 0.25, "GCG": 0.25, "GCT": 0.25 },
    "C": { "TGC": 0.5, "TGT": 0.5 },
    "D": { "GAC": 0.5, "GAT": 0.5 },
    "E": { "GAA": 0.5, "GAG": 0.5 },
    "F": { "TTC": 0.5, "TTT": 0.5 },
    "G": { "GGA": 0.25, "GGC": 0.25, "GGG": 0.25, "GGT": 0.25 },
    "H": { "CAC": 0.5, "CAT": 0.5 },
    "I": { "ATA": 0.3333333, "ATC": 0.3333333, "ATT": 0.3333334 },
    "K": { "AAA": 0.5, "AAG": 0.5 },
    "L": { "CTA": 0.16666667, "CTC": 0.16666666, "CTG": 0.16666666, "CTT": 0.16666667, "TTA": 0.16666667, "TTG": 0.16666667 },
    "M": { "ATG": 1.0 },
    "N": { "AAC": 0.5, "AAT": 0.5 },
    "P": { "CCA": 0.25, "CCC": 0.25, "CCG": 0.25, "CCT": 0.25 },
    "Q": { "CAA": 0.5, "CAG": 0.5 },
    "R": { "AGA": 0.16666667, "AGG": 0.16666666, "CGA": 0.16666666, "CGC": 0.16666667, "CGG": 0.16666667, "CGT": 0.16666667 },
    "S": { "AGC": 0.16666667, "AGT": 0.16666666, "TCA": 0.16666666, "TCC": 0.16666667, "TCG": 0.16666667, "TCT": 0.16666667 },
    "T": { "ACA": 0.25, "ACC": 0.25, "ACG": 0.25, "ACT": 0.25 },
    "U": { "TGA": 1.0 },
    "V": { "GTA": 0.25, "GTC": 0.25, "GTG": 0.25, "GTT": 0.25 },
    "W": { "TGG": 1.0 },
    "Y": { "TAC": 0.5, "TAT": 0.5 }
}
